fidelity,trace_distance,purity_original,purity_reconstructed
0.5000000026341774,0.7500481968474981,0.9999999999999996,0.2501927933281925
0.713080317576354,0.5085226364733231,0.9999999999999996,0.5174550692382811
0.7066390609198869,0.5043949770737021,0.9999999999999996,0.4987609678098832
0.7066671733098604,0.5006282759540742,0.9999999999999996,0.49877208975048387
0.7067540696361821,0.5005109915743476,0.9999999999999996,0.49902827377294084
0.7075234389488144,0.5006309483505751,0.9999999999999996,0.5012415930588827
0.500000000771646,0.7500053829111876,0.9999999999999996,0.250021535485797
0.7044588250274253,0.5004908306195968,0.9999999999999996,0.4926351999228124
0.7061847205577396,0.501303925704303,0.9999999999999996,0.4974036510645341
0.5000000026341774,0.7500011528890906,0.9999999999999996,0.25000461155940756
0.7053210067822739,0.5025740010146672,0.9999999999999996,0.49508537022037646
0.8650266986068711,0.5000185153891867,0.9999999999999996,0.7467123472389903
0.706859136562851,0.5003501610576198,0.9999999999999996,0.499300168335826
0.8670341337720433,0.5000143071518176,0.9999999999999996,0.7535530850696858
0.7104152693348336,0.5020271615039892,0.9999999999999996,0.5094630090260486
0.7054904793213169,0.5023936448732939,0.9999999999999996,0.4956774554734347
0.7080892130770213,0.5014407301036687,0.9999999999999996,0.5029273416174153
0.5000000026341774,0.7500002943091095,0.9999999999999996,0.2500011772367843
0.49999999971106207,0.7500070175258419,0.9999999999999996,0.25002985906364655
0.7088310758966777,0.5024426743167136,0.9999999999999996,0.5049115450280963
0.7060491929308035,0.501494544023733,0.9999999999999996,0.4970198465998902
0.5000000015732516,0.7500096499135936,0.9999999999999996,0.25003863517247504
0.7092785267708144,0.5030767486621286,0.9999999999999996,0.5061927556698064
0.7062407534083616,0.5066178747905185,0.9999999999999996,0.4976493640181201
0.867636970183482,0.500028172875219,0.9999999999999996,0.7556367178818548
0.5000000026341774,0.7499999999999999,0.9999999999999996,0.25
0.7070398562017407,0.5006203724020439,0.9999999999999996,0.49984929794266075
0.5000000007715323,0.7500003713195248,0.9999999999999996,0.25000148900394703
0.7073506049780963,0.5040459392333341,0.9999999999999996,0.5007359601017567
0.7072236783501288,0.5042336153378275,0.9999999999999996,0.5003905005096794
0.7088555317725493,0.5024877917543771,0.9999999999999996,0.5050005470632001
0.5017627606986048,0.751765864285462,0.9999999999999996,0.25354420167762276
0.49999999627516445,0.7500168551718609,0.9999999999999996,0.25011907230810015
0.8651510066883252,0.5000000297651898,0.9999999999999996,0.7470059527112518
0.5000000007715327,0.7500094709883172,0.9999999999999996,0.25003788775772545
0.868128885505544,0.5000057285501974,0.9999999999999996,0.7573300244150609
0.7044587374134221,0.5037378925305152,0.9999999999999996,0.49258010230125315
0.4999999962738006,0.7500680958205368,0.9999999999999996,0.2502343078851401
0.7092169726540831,0.5029887086904534,0.9999999999999996,0.50601314501454
0.7083237247173895,0.5019128911221094,0.9999999999999996,0.5034582353272884
0.5000000018630991,0.750012600271172,0.9999999999999996,0.25005044769419843
0.8659303005510401,0.5000019692208357,0.9999999999999996,0.7497578155006472
0.7054301559207757,0.5025230783620767,0.9999999999999996,0.4953779608490739
0.864578393352816,0.5000000245813724,0.9999999999999996,0.7450315398190382
0.4996380521398688,0.7496784332269602,0.9999999999999996,0.24938177736036032
0.4993793365848846,0.7493849093182106,0.9999999999999996,0.24878173801968645
0.7061422471960318,0.5014525326721466,0.9999999999999996,0.4973789160569151
0.708438665261847,0.5010448091849833,0.9999999999999996,0.5038030358834082
0.8679391404350149,0.5000472577082357,0.9999999999999996,0.7567271115836361
0.711267304242455,0.5059174632360599,0.9999999999999996,0.5120067710492999
0.7049358135133214,0.5028270300604436,0.9999999999999996,0.49392378357035166
0.8654692486550849,0.5000032330933986,0.9999999999999996,0.7481053330549374
0.5000000026341774,0.7500000708074736,0.9999999999999996,0.25001646395576105
0.49999999813689927,0.7500429817201519,0.9999999999999996,0.25017193603077476
0.5000000026341774,0.7500020068908861,0.9999999999999996,0.2500080275796548
0.7089628506165806,0.5026321352446238,0.9999999999999996,0.5052919792881307
0.706414741956134,0.5060927847018293,0.9999999999999996,0.4982185327822303
0.8642380702590579,0.5000259787212253,0.9999999999999996,0.7438655042062123
0.7068725347561519,0.5003382380621655,0.9999999999999996,0.49935204353982854
0.9993733306611832,0.007851323519308395,0.9999999999999996,0.9975682124804899
0.867799000997834,0.5000247859507063,0.9999999999999996,0.7562061880628403
0.8686055346922071,0.4999999999999999,0.9999999999999996,0.7590535876563279
0.5036997487519643,0.7537136946197339,0.9999999999999996,0.2574830705420747
0.5000000015734801,0.7500052384945535,0.9999999999999996,0.25002095776883687
0.7068368403991971,0.5009932919851521,0.9999999999999996,0.4992990890088286
0.5000000007715323,0.7500279067042352,0.9999999999999996,0.2501116336577843
0.5000000007713048,0.7500155030051725,0.9999999999999996,0.25006197934866015
0.5000000026341774,0.7500054184888558,0.9999999999999996,0.25002167407286313
0.8687671634392323,0.5000887039721595,0.9999999999999996,0.7596532866068487
0.5000000026341774,0.7500050617948419,0.9999999999999996,0.25012753318941605
0.4999999981373555,0.7500016901870106,0.9999999999999996,0.2500067644847835
0.505178608245713,0.7552054224652023,0.9999999999999996,0.2605192306225696
0.7112950054986207,0.5059509928225783,0.9999999999999996,0.5120463751581746
0.8654164505182899,0.5000141627439599,0.9999999999999996,0.747929759533129
0.7071971724235966,0.5036401455054789,0.9999999999999996,0.5003083735030027
0.8683531246160631,0.500007459360444,0.9999999999999996,0.7581325892370725
0.7040950572972062,0.5067776229765308,0.9999999999999996,0.4916441317280036
0.5000000026341774,0.7500209395558093,0.9999999999999996,0.2500837599329602
0.8621391082191195,0.5000417342407397,0.9999999999999996,0.7367800279840749
0.4999999981373827,0.7500000514996628,0.9999999999999996,0.25000020972389636
0.8635208784825699,0.4999999999999999,0.9999999999999996,0.7413762525255692
0.5001361751666968,0.750139170917165,0.9999999999999996,0.2502843779203398
0.5015220870522592,0.7515331458086718,0.9999999999999996,0.2530930785157004
0.5000000026341774,0.7500412703664704,0.9999999999999996,0.2500834610103673
0.5000000026341774,0.7500083358507343,0.9999999999999996,0.25003334368088376
0.7050096754048174,0.5029631421772365,0.9999999999999996,0.494119474972577
0.7050688039701523,0.500465913034561,0.9999999999999996,0.4942734490769211
0.5000000026341774,0.7500206176634603,0.9999999999999996,0.2500824718308642
0.9993093179774396,0.007825696359896269,0.9999999999999996,0.9973372109891377
0.7046905461391755,0.5034198616773,0.9999999999999996,0.49324155494195215
0.5000000026341774,0.7499999999999999,0.9999999999999996,0.25
0.8637726424394766,0.5000085266139651,0.9999999999999996,0.7422438818510475
0.7095604769505057,0.5034838046091074,0.9999999999999996,0.5070299099150313
0.5000000026341774,0.7500096391234172,0.9999999999999996,0.25002884246450297
0.7071280319307963,0.500030214584055,0.9999999999999996,0.5000604216437445
0.5000000026341774,0.7500049062302065,0.9999999999999996,0.2500196250171111
0.4999999981373827,0.75000218620144,0.9999999999999996,0.2500087485501443
0.8672695307443539,0.5000228926472582,0.9999999999999996,0.7544050785199332
0.8657694034774583,0.5000014330938639,0.9999999999999996,0.749273167462738
0.8677386105818333,0.5000185981082946,0.9999999999999996,0.7560621376738643
0.9967011068833442,0.013583186698117639,0.9999999999999996,0.9871528007739909
0.5039837779213698,0.7540110198374383,0.9999999999999996,0.2581089233367485
0.7108366858496318,0.5053005405066848,0.9999999999999996,0.5107134526376723
0.7100376731836492,0.5042861812345745,0.9999999999999996,0.5083858996940251
0.7052865501496846,0.5031976981121813,0.9999999999999996,0.49494690875146696
0.5000000026341774,0.7500006067951005,0.9999999999999996,0.2500024271818755
0.5000000015734798,0.750011692825253,0.9999999999999996,0.25004677504606254
0.7082607749610926,0.5021791252654375,0.9999999999999996,0.5033782709227732
0.8634851938669399,0.5000365473282256,0.9999999999999996,0.7412885565318137
0.7016328592906838,0.5016997587474079,0.9999999999999996,0.48472465266259623
0.5000000018626446,0.750004675684413,0.9999999999999996,0.2500187065504575
0.7051501234253416,0.5031797570266467,0.9999999999999996,0.49450887884605027
0.7081044923016484,0.5025076294721632,0.9999999999999996,0.5028405077766502
0.7092627642920601,0.5030834708280356,0.9999999999999996,0.5062049690655506
0.864268537174689,0.5000000309350299,0.9999999999999996,0.7440692287439032
0.7060446364385683,0.5015021002977473,0.9999999999999996,0.49700932041664597
0.4951401870945715,0.7452041014742432,0.9999999999999996,0.24057718105484796
0.8642734599961273,0.5000001926730083,0.9999999999999996,0.7439905456632123
0.49773992040216836,0.7477450257396863,0.9999999999999996,0.24551039111503134
0.5019079153590643,0.751927733768258,0.9999999999999996,0.2539024487198427
0.8643369839208552,0.5001435418594055,0.9999999999999996,0.7443448387288477
0.5000000026341774,0.7500014856250121,0.9999999999999996,0.2500059425088769
0.5000000026341774,0.7500075115990794,0.9999999999999996,0.2500300465846335
0.5000000007715323,0.75000719583506,0.9999999999999996,0.25002878706932624
0.5000000026341774,0.7500020919776558,0.9999999999999996,0.25001790336124025
0.7093603503474152,0.5031930914812184,0.9999999999999996,0.5064288996897346
0.8658978616304922,0.50000128937651,0.9999999999999996,0.7495596576821159
0.707403153250444,0.5027209155632986,0.9999999999999996,0.5008566355728253
0.49934985883532884,0.7493645969208549,0.9999999999999996,0.2487595116312321
0.49877093403744094,0.7487757061034559,0.9999999999999996,0.24756396802513073
0.7082061903616429,0.5016303636324968,0.9999999999999996,0.5033315160663608
0.7071634556821763,0.5046072531233761,0.9999999999999996,0.5002094926475555
0.7101020162526983,0.5042455851419589,0.9999999999999996,0.508563262742866
0.7082702471578483,0.5021696759276522,0.9999999999999996,0.5033230873503458
0.7041229425774143,0.5042115979855484,0.9999999999999996,0.4916505982724796
0.5000000026341774,0.7500077666826288,0.9999999999999996,0.2500310669911837
0.7076893102381734,0.5018512490660416,0.9999999999999996,0.5017454773106533
0.8699445066268799,0.5000003126536421,0.9999999999999996,0.7637011946578005
0.7041562106555165,0.5041640341135467,0.9999999999999996,0.49174128110476834
0.8661978343142266,0.5000050194307052,0.9999999999999996,0.7506060541123732
0.49999999813712676,0.7500168900831214,0.9999999999999996,0.2500675651995828
0.865835361305504,0.500022162412833,0.9999999999999996,0.7493837942457959
0.4975862379109637,0.7476211103169528,0.9999999999999996,0.24529138109755516
0.7056257851075178,0.5021585070014721,0.9999999999999996,0.4959666525295817
0.8656416715935558,0.5000240416534122,0.9999999999999996,0.7486962328351706
0.500000000771588,0.7500049394517574,0.9999999999999996,0.25001976458504016
0.5000000026341774,0.7499999999999999,0.9999999999999996,0.25
0.4992494836575189,0.749269901662464,0.9999999999999996,0.24858149499469678
0.7075044789365394,0.500564058669039,0.9999999999999996,0.5011293862573063
0.5000000007717593,0.7500151558718617,0.9999999999999996,0.25006062813131136
0.7080738588688854,0.5034098342582838,0.9999999999999996,0.5028040862079849
0.7055748225307328,0.5021900894105435,0.9999999999999996,0.49575129497844306
0.7102204976881997,0.5027896279916486,0.9999999999999996,0.5089062524179254
0.8661876586254359,0.5000000335276126,0.9999999999999996,0.7505743878170288
0.708614285404073,0.5021381664448953,0.9999999999999996,0.5043024630732005
0.7057959259387352,0.5018541949676801,0.9999999999999996,0.49631779079909566
0.7099118286190296,0.500300438012389,0.9999999999999996,0.5079816239547088
0.5000000026341774,0.7500473188230963,0.9999999999999996,0.2500961477647162
0.5000000026341774,0.7500306046740568,0.9999999999999996,0.2501399093055255
0.7070745600171552,0.5001434244307152,0.9999999999999996,0.49991021225638477
0.7075243523588279,0.5022226825009556,0.9999999999999996,0.501238012993326
0.5000000026341774,0.7499999999999999,0.9999999999999996,0.25
0.5000000026341774,0.7499999999999999,0.9999999999999996,0.25
0.705486690445781,0.5040403094689084,0.9999999999999996,0.49557648633425444
0.5000000026341774,0.7500135382660948,0.9999999999999996,0.2500541537975183
0.8683040004311364,0.5000064613968962,0.9999999999999996,0.7579495915861157
0.7087565113390282,0.5034525027785615,0.9999999999999996,0.5047568956438563
0.8637967062071195,0.4999999999999999,0.9999999999999996,0.7423383629517349
0.5000000026341774,0.750006151909195,0.9999999999999996,0.2500246077881645
0.49999999627516395,0.7500271355917095,0.9999999999999996,0.2501064895993857
0.49858746967326745,0.7486009647344845,0.9999999999999996,0.2472328955452321
0.86694555571368,0.5000000000000024,0.9999999999999996,0.7532788368577464
0.5000000021945709,0.750004120216385,0.9999999999999996,0.2500164785247926
0.8657817961670816,0.500000045079556,0.9999999999999996,0.7491700085722586
0.5000000026341774,0.7499999999999999,0.9999999999999996,0.25
0.705338855608327,0.5025005226564893,0.9999999999999996,0.495044413250861
0.5000000026341774,0.7500160681134203,0.9999999999999996,0.2500331892624692
0.7091001537281899,0.5022162961187199,0.9999999999999996,0.5057810462337876
0.5000000026341774,0.7500013545361874,0.9999999999999996,0.2500054181520896
0.5000000026341774,0.750019912026016,0.9999999999999996,0.25007964948984235
0.8638196447265225,0.5000229885342211,0.9999999999999996,0.7425374044779081
0.8673158022707221,0.5000000000000019,0.9999999999999996,0.7545279012813514
0.5000000018626446,0.7500295298211708,0.9999999999999996,0.2500704075002278
0.7072228083548667,0.5004734214641073,0.9999999999999996,0.5003292065548187
0.8658821346435795,0.5000000398641591,0.9999999999999996,0.7495085184766617
0.7072720775341601,0.5048801939350036,0.9999999999999996,0.5005188142383492
0.5000000026341774,0.7500003819123924,0.9999999999999996,0.2500015276498218
0.4978196486698389,0.7478263677341689,0.9999999999999996,0.2456756055380119
0.7049407861782537,0.5030584932346018,0.9999999999999996,0.4939204310542593
0.7068647701435441,0.5003553240010559,0.9999999999999996,0.49934240688520526
0.5000000026341774,0.7499999999999999,0.9999999999999996,0.25
0.5000000026341774,0.7500200188971595,0.9999999999999996,0.25008007720497366
0.8646887709354444,0.4999999999999999,0.9999999999999996,0.7454112368285138
0.7047081205551254,0.503386470074147,0.9999999999999996,0.49327293256995963
0.8666503109156289,0.5000082561267272,0.9999999999999996,0.7522373178632769
0.8660482986570656,0.500041963457267,0.9999999999999996,0.7501322524308779
0.5000000007715323,0.7500191661263961,0.9999999999999996,0.2500766682423436
0.8667112945673482,0.5000078475023634,0.9999999999999996,0.7524334516248605
0.7081736204707225,0.504364760844537,0.9999999999999996,0.5030624151911672
0.49999999627470204,0.7500002519531124,0.9999999999999996,0.25000242154965946
0.8669613883032546,0.5000011012194671,0.9999999999999996,0.7533399378836507
0.7042912640411845,0.5040006121630918,0.9999999999999996,0.49214883812969384
0.8693798613156176,0.5000386732523298,0.9999999999999996,0.7617811125280606
0.5005133950217683,0.7505295906157174,0.9999999999999996,0.25109210910974844
0.7045020496185999,0.5036897525041775,0.9999999999999996,0.49272649388757817
0.5000000026341774,0.7500000050898747,0.9999999999999996,0.2500000203594992
0.5000000026341774,0.750002866938343,0.9999999999999996,0.25001690776880037
0.49999999813735535,0.7500041455332944,0.9999999999999996,0.2500165859272694
0.7077253671927325,0.5011004745005053,0.9999999999999996,0.5017547527000883
0.8657700155900219,0.5000158159872699,0.9999999999999996,0.7491318767718435
0.7068794045192092,0.5045902067609795,0.9999999999999996,0.49944089986202844
0.7060147061920976,0.5015432352440878,0.9999999999999996,0.4969230465274107
0.7072757303441224,0.501167285608989,0.9999999999999996,0.5005137399364838
1.0009028403778686,0.014060317679960223,0.9999999999999996,1.0038600142286058
0.7099833551184094,0.5040837198501555,0.9999999999999996,0.508235583119354
0.5007798002494188,0.7507831859912105,0.9999999999999996,0.2515743709076915
0.7090289051254542,0.5028240231590171,0.9999999999999996,0.5056799317103232
0.7084850450317969,0.5025062717105213,0.9999999999999996,0.5039450607587529
0.4999999989088863,0.7500118086324157,0.9999999999999996,0.2500420212697557
0.7111037645816245,0.5014710152900672,0.9999999999999996,0.5114104612705028
0.7082913815382705,0.5017156249369588,0.9999999999999996,0.5034430121351327
0.7054651188466744,0.5023189660906462,0.9999999999999996,0.49538357823362544
0.7037717248408345,0.504745082819874,0.9999999999999996,0.4908011102038644
0.4999999981373617,0.7500001012979346,0.9999999999999996,0.2500004089170155
0.7093372261134138,0.5031595418781178,0.9999999999999996,0.5063590145757677
0.5000000007715323,0.7501156587579624,0.9999999999999996,0.25024546994597396
0.8682850501253785,0.5000000335276125,0.9999999999999996,0.7578689279583463
0.8671954109392974,0.5000324346211906,0.9999999999999996,0.7541510320476451
0.5000000026341774,0.7499999999999999,0.9999999999999996,0.25
0.5000000015730252,0.7500066903219249,0.9999999999999996,0.2500267651930496
0.7069803517409177,0.5001861689068137,0.9999999999999996,0.4996503098941544
0.708958932420512,0.5026352931045028,0.9999999999999996,0.505429883419638
0.8633705431421327,0.49999999999999994,0.9999999999999996,0.7409436536966525
0.7063502714000067,0.5011045956599187,0.9999999999999996,0.49793687770043926
0.7073415631082394,0.5003512176451212,0.9999999999999996,0.5007029212651447
0.7075844596717498,0.5017748815323274,0.9999999999999996,0.5013659217797393
0.7061708614462444,0.5003777815919908,0.9999999999999996,0.4973743148386238
0.8672943830126549,0.5000020475782008,0.9999999999999996,0.7545166312617066
0.4981656256292273,0.7481750361484846,0.9999999999999996,0.24637557929291337
0.4969228828081338,0.7469490831134251,0.9999999999999996,0.2440870275269253
0.7062750703261585,0.5044986826194013,0.9999999999999996,0.4977155133477733
0.5000000026341774,0.7500052469557585,0.9999999999999996,0.2500209879331572
0.5000000007713058,0.7500205779015028,0.9999999999999996,0.25008175279240585
0.7092131091752577,0.5029946320330645,0.9999999999999996,0.506025247964738
0.7022582890230306,0.5068643364323044,0.9999999999999996,0.48658395206517563
0.7078807729812857,0.5010987781590495,0.9999999999999996,0.5022460125033033
0.4958619499298937,0.7458790707758995,0.9999999999999996,0.24182606978247942
0.7067631617092696,0.5009112853865483,0.9999999999999996,0.49903226924246835
0.8680671658705141,0.4999999999999998,0.9999999999999996,0.7571691425115805
0.7012308236308891,0.5010269212771222,0.9999999999999996,0.48360171141817965
0.49999999890888713,0.7500235175430223,0.9999999999999996,0.25008380917119194
0.5008553219207845,0.7508564683264867,0.9999999999999996,0.25171670506202576
0.8634168673104934,0.5000006364766021,0.9999999999999996,0.7411344900522572
0.706870317696989,0.5003343571036198,0.9999999999999996,0.49933172552585403
0.8650170606878091,0.5000151613875641,0.9999999999999996,0.7466392493155725
0.5000000026341774,0.7499999999999999,0.9999999999999996,0.25
0.5000000015734796,0.7500144915159861,0.9999999999999996,0.2500579706294679
0.7041016928999649,0.5007638020678808,0.9999999999999996,0.491565636804041
0.7084199707132833,0.5051626304113008,0.9999999999999996,0.5038719318647391
0.5000000018626444,0.7500525480293692,0.9999999999999996,0.2503314351583607
0.5000000026341774,0.7499999999999999,0.9999999999999996,0.25
0.49630409443890405,0.7463430058753135,0.9999999999999996,0.24279076039880906
0.7085816594099102,0.5020879680521015,0.9999999999999996,0.5041933745465528
0.5000000015734796,0.7500071877884964,0.9999999999999996,0.2500287550860407
0.7051682008746226,0.5027410413692206,0.9999999999999996,0.49456088105295404
0.8700699269058968,0.5000220973487366,0.9999999999999996,0.7641689988194889
0.5000000026341774,0.7500000182903277,0.9999999999999996,0.25000007316131223
0.8647416592681013,0.5000112433588643,0.9999999999999996,0.7455797352652691
0.866496728064005,0.5000000182869382,0.9999999999999996,0.7516587769513652
0.7042413357064266,0.5041145793761785,0.9999999999999996,0.4921202981915783
0.5021345934415626,0.752151647995791,0.9999999999999996,0.25434659600889753
0.7085247960819491,0.5020073967401995,0.9999999999999996,0.5040309120470781
0.70660135798796,0.5046003157847547,0.9999999999999996,0.4986625917990242
0.7075230093449494,0.5005919559219956,0.9999999999999996,0.5011853060318536
0.499121914665589,0.7491227964968997,0.9999999999999996,0.2482488985878495
0.7065390558963668,0.5071780685559425,0.9999999999999996,0.49851514911350875
0.7083953670430582,0.5018651510219954,0.9999999999999996,0.503744213457836
0.7051545947434779,0.5027573296078094,0.9999999999999996,0.49451706071180224
0.49999999971095094,0.7500025193464559,0.9999999999999996,0.2500080553147148
0.7040331723041006,0.5087663449542534,0.9999999999999996,0.4915959680102775
0.8615951920319055,0.5000037900082409,0.9999999999999996,0.7348136277517846
0.9981186314943998,0.008371637311013523,0.9999999999999996,0.9925538198223629
0.7080860393724525,0.5014766183526088,0.9999999999999996,0.5029337162347489
0.8657955571759275,0.5000009397891214,0.9999999999999996,0.7492308219188372
0.7057838019184995,0.503322586347415,0.9999999999999996,0.49633010835180863
0.7035326973505499,0.5050431663927406,0.9999999999999996,0.4900238316326522
0.8633722474447255,0.5000261849474099,0.9999999999999996,0.7409126823224719
0.7084008569569173,0.5018516222925318,0.9999999999999996,0.5037921403785355
0.5000000026341774,0.7500000384377884,0.9999999999999996,0.25000015375116014
0.7104172855826094,0.5036929746558885,0.9999999999999996,0.5094567623965699
0.5004206324759581,0.7504249712499558,0.9999999999999996,0.2508589820204815
0.50306231837026,0.7530762137171588,0.9999999999999996,0.25619919104469546
0.7072705564774379,0.5002607677413836,0.9999999999999996,0.500521798163165
0.7063415768726503,0.5010815783184202,0.9999999999999996,0.4978415151753291
0.5000000026341774,0.7500011563082505,0.9999999999999996,0.25000462523835076
0.8656632784005368,0.5000995770082374,0.9999999999999996,0.7488568218562317
0.7053563798326485,0.5024741886441493,0.9999999999999996,0.49508336617738136
0.7081324890834432,0.5014516276834518,0.9999999999999996,0.5029116786382423
0.7062229467503561,0.5070324567825513,0.9999999999999996,0.4976993586756261
0.7103017819966493,0.5035315422699613,0.9999999999999996,0.5091801119383047
0.7083957160406624,0.5018645627978426,0.9999999999999996,0.5037021584191481
0.8653580176877778,0.5000202267923916,0.9999999999999996,0.7477355221454594
0.8618558540162065,0.5000008614799897,0.9999999999999996,0.7357613774265841
0.7058322202618365,0.5018033253905632,0.9999999999999996,0.4964161340129576
0.9995990563714418,0.006565876352214846,0.9999999999999996,0.9984459913786408
0.5000000026341774,0.7500021693679314,0.9999999999999996,0.25000867747293976
0.7053437943946671,0.5024916712329608,0.9999999999999996,0.4950513328879692
0.49988950951926914,0.74988951909382,0.9999999999999996,0.2497790870117627
0.8661079704003597,0.5000000461832571,0.9999999999999996,0.750344718471
0.7067026983744449,0.5005713013756237,0.9999999999999996,0.4988587027898017
0.8635732995167946,0.5000234105706888,0.9999999999999996,0.7416473579895639
0.5000000015734798,0.7500118520221637,0.9999999999999996,0.2500474122937159
0.8676929117690011,0.5000000282808152,0.9999999999999996,0.755884147015365
0.7061462968282628,0.5013644286265793,0.9999999999999996,0.49730665296734344
0.704720133404602,0.504339051918987,0.9999999999999996,0.49339837831366556
0.705727655496802,0.5019484777997782,0.9999999999999996,0.49611822324184596
0.5000000007715325,0.7500132307517042,0.9999999999999996,0.25013015526930943
0.7120351881363257,0.5018873313184545,0.9999999999999996,0.5140969132666737
0.7072463428283726,0.5001973894441256,0.9999999999999996,0.5003949347385888
0.7046764729679474,0.5034340661693284,0.9999999999999996,0.49319100990589143
0.7054236533669211,0.5023783455013395,0.9999999999999996,0.4952694190068585
0.5027836683134905,0.7528064828115097,0.9999999999999996,0.255674480337817
0.8676772901490123,0.5000610287095288,0.9999999999999996,0.7559396886326748
0.7067286720149705,0.5014020006594702,0.9999999999999996,0.49893532074575353
0.5000000026341774,0.7500012394669955,0.9999999999999996,0.2500049578687882
0.864926345812813,0.5000033921273369,0.9999999999999996,0.7462792548588222
0.7057164474708655,0.5019665150823128,0.9999999999999996,0.49609166790846526
0.7066452359285241,0.5058041992243147,0.9999999999999996,0.4987661268864863
0.7052622365000396,0.5027086009452082,0.9999999999999996,0.49484596687730925
0.7085477972296553,0.5020415062581515,0.9999999999999996,0.5041026942813291
0.704196605343412,0.5041340171492046,0.9999999999999996,0.4919081367458415
0.7095559020979472,0.5034844199623946,0.9999999999999996,0.5070175704560945
0.5021502967417404,0.7521709147417361,0.9999999999999996,0.25439239294775023
0.7080100393623178,0.5012824418304394,0.9999999999999996,0.5025714548193898
0.5000000026341774,0.7500008793103784,0.9999999999999996,0.2500035172446071
0.710130833033229,0.5043304035483677,0.9999999999999996,0.5087359634321351
0.8631164942738359,0.5001045405767642,0.9999999999999996,0.7401017119864747
0.7103317061337072,0.5046143547509612,0.9999999999999996,0.509303193210241
0.8634364231721445,0.5000000309427668,0.9999999999999996,0.7411247800349288
0.865501382522374,0.5000457981519861,0.9999999999999996,0.7482356384353355
0.8656745627574031,0.5000068961098297,0.9999999999999996,0.7487977528706954
0.5000000026341774,0.7500000789913486,0.9999999999999996,0.25000031596542
0.8668817308890939,0.5000001419649869,0.9999999999999996,0.7530209970460489
0.8654330965469492,0.5000725239723142,0.9999999999999996,0.7480727528947614
0.5000000026341774,0.7500069786337531,0.9999999999999996,0.25001433738716405
0.7063120402047821,0.5025619079691529,0.9999999999999996,0.49779848654162756
0.502263397461749,0.7523032398434122,0.9999999999999996,0.25465614565626415
0.8678443863983457,0.5,0.9999999999999996,0.7563266364698981
0.8663816410528357,0.4999999999999999,0.9999999999999996,0.7512707210748386
0.5000000026341774,0.7500205209804229,0.9999999999999996,0.2500820856061346
0.7069246402790346,0.5008032085373251,0.9999999999999996,0.4995843860165882
0.7057519900576515,0.5019373250732344,0.9999999999999996,0.4962331390847364
0.500000001573366,0.7500141771699804,0.9999999999999996,0.25005676002323496
0.502293814408876,0.7523224350698601,0.9999999999999996,0.2546918139525367
0.7064541199559593,0.5009429757567452,0.9999999999999996,0.49819918273862795
0.7063053924139492,0.5011457586798573,0.9999999999999996,0.4977659767740874
0.5000000026341774,0.7499999999999999,0.9999999999999996,0.25
0.8685997146919018,0.5000004442501979,0.9999999999999996,0.7589755515188682
0.8620298599496874,0.5000215976661128,0.9999999999999996,0.7363475422218433
0.7048534397332318,0.5016780473825805,0.9999999999999996,0.49366587992094196
0.49980524448219,0.7498110162751368,0.9999999999999996,0.2496336734581867
0.7064204029470684,0.5034710653603074,0.9999999999999996,0.4981027607518452
0.5000000007719874,0.7500194762011888,0.9999999999999996,0.25007791004671615
0.7094863709210901,0.5034200490497673,0.9999999999999996,0.5069048705301658
0.7084382961460332,0.5026070505628975,0.9999999999999996,0.5038285323798345
0.5000000007706229,0.7500728906163011,0.9999999999999996,0.25031866922092894
0.5000000018621898,0.7500304915233218,0.9999999999999996,0.25012197353875815
0.7080197551219737,0.5013681011110027,0.9999999999999996,0.5026832052693955
0.9988641158135991,0.0035654213587882344,0.9999999999999996,0.9954745111909487
0.7048987028100614,0.5031190348348049,0.9999999999999996,0.4938056982443199
0.7080841967355451,0.5013832259310347,0.9999999999999996,0.5027741013720716
0.8637583253112738,0.5000217423477205,0.9999999999999996,0.7423413097018254
0.7039913653256475,0.5043961590667845,0.9999999999999996,0.49128497933952175
0.8660135381774328,0.5000424240484767,0.9999999999999996,0.7500355791090656
0.7086597150154421,0.5039474729848885,0.9999999999999996,0.5044548516198812
0.866360068069652,0.5000069347006759,0.9999999999999996,0.7512946685036236
0.4996791056899591,0.749680060598791,0.9999999999999996,0.24936289188070418
0.7071075299550954,0.5080315035095765,0.9999999999999996,0.5001661684088322
0.5000000026341774,0.7500260606819877,0.9999999999999996,0.25008520605035833
0.8678692639462339,0.5000000000000019,0.9999999999999996,0.7564447395374974
0.706984047397626,0.5026991699625253,0.9999999999999996,0.4997016847437429
0.705106189392794,0.5065467993939996,0.9999999999999996,0.4945642000475677
0.8638731098247968,0.5000320880887095,0.9999999999999996,0.7426605228023573
0.5000000007715958,0.7500001154181499,0.9999999999999996,0.25000046539781684
1.0018345570764466,0.00709751785819757,0.9999999999999996,1.0074018279240726
0.4987386518205998,0.7487692117405956,0.9999999999999996,0.24756816759949293
0.4962592927094396,0.7462860682530121,0.9999999999999996,0.24265329257386187
0.5000000015734798,0.7500006002573888,0.9999999999999996,0.2500024047562966
0.7049716097321209,0.5023422979651873,0.9999999999999996,0.4940642197316623
0.7048049024078374,0.5047365549989236,0.9999999999999996,0.49357593619969276
0.500000000771534,0.7500017962395991,0.9999999999999996,0.25000718869661565
0.8648697295966802,0.5000295028539129,0.9999999999999996,0.7460865955044165
0.7064908272516952,0.5031808858227577,0.9999999999999996,0.4984306804733185
0.7065791942813673,0.5043833877594219,0.9999999999999996,0.49858898358872333
0.5000000026341774,0.7500041969678175,0.9999999999999996,0.2500167879057214
0.7059264565179965,0.5031522357361493,0.9999999999999996,0.4966929754471504
0.706401390008123,0.5010131872992472,0.9999999999999996,0.4980318880628386
0.7074854730297183,0.500535694548081,0.9999999999999996,0.5010725369707663
0.8654385555176577,0.5000663345297389,0.9999999999999996,0.748081641265947
0.5023508417961141,0.7523699961484843,0.9999999999999996,0.2547894846928438
0.7059344781769854,0.5019506874135407,0.9999999999999996,0.49671815594583535
0.7063689115939926,0.5010437271151627,0.9999999999999996,0.4979199533096084
0.7085788246511454,0.5021170078312135,0.9999999999999996,0.5042519350689461
0.5000000018626443,0.7500243944967351,0.9999999999999996,0.25009758409296134
0.8645927509315702,0.50006297595948,0.9999999999999996,0.7451693965318549
0.8678837721258161,0.500019378850991,0.9999999999999996,0.7565328307773249
0.5018000623164721,0.7518156533112654,0.9999999999999996,0.2536690233661945
0.7091532603313062,0.5033421740338908,0.9999999999999996,0.5058358343580646
0.7076770228780466,0.5008095044778924,0.9999999999999996,0.5016216152144971
0.8680219250789061,0.4999999999999999,0.9999999999999996,0.757001367505177
0.7089365485739184,0.5026219846782598,0.9999999999999996,0.5052714685711247
0.7074535662767534,0.5004905484376944,0.9999999999999996,0.5009820594264744
0.4979821590806626,0.7480436221662901,0.9999999999999996,0.24621826426192894
0.708836769077147,0.5024779790664073,0.9999999999999996,0.50498051591008
0.5000000007717597,0.7500131691658776,0.9999999999999996,0.2500526810821686
0.5000000026341774,0.750000082311868,0.9999999999999996,0.2500003292474989
0.7131640522690457,0.5062878912449702,0.9999999999999996,0.5174330318217972
0.7138604903600476,0.5039388623354085,0.9999999999999996,0.5194088257960243
0.7076648202097987,0.5015824284985255,0.9999999999999996,0.5018119545468662
0.7034061953351864,0.5052197500181227,0.9999999999999996,0.4896696211864575
0.8701517510312741,0.5000152635734662,0.9999999999999996,0.764453751470832
0.707479003385821,0.5034924682213341,0.9999999999999996,0.5012028225856568
0.5000000026341774,0.7499999999999999,0.9999999999999996,0.25
0.707432333862001,0.5013971413338514,0.9999999999999996,0.5010512250647995
0.8681208447271175,0.5000193357076278,0.9999999999999996,0.7573704025842586
0.7074332760985916,0.5016615956185118,0.9999999999999996,0.5009381295090862
0.500000001862872,0.7500291027532282,0.9999999999999996,0.2500892172036679
0.7115033406816377,0.5062372980909801,0.9999999999999996,0.5126315869580452
0.8660928273877984,0.5000001367531819,0.9999999999999996,0.7502716683356088
0.49999999627470915,0.7500001334268691,0.9999999999999996,0.2500977218962691
0.709228237048527,0.5030050755836268,0.9999999999999996,0.5060470305826898
0.706772431788279,0.5057808143620498,0.9999999999999996,0.49912269355824834
0.8646254937656578,0.5000243368138624,0.9999999999999996,0.745193491654693
0.9999333476932826,0.008298330992611347,0.9999999999999996,0.9998138528432887
0.7047751884321395,0.5033059897605006,0.9999999999999996,0.49348794920833333
0.707363256068709,0.5003627760361185,0.9999999999999996,0.5007260784980638
0.7095373687259855,0.5035002346306627,0.9999999999999996,0.507061484490634
0.4983588630947226,0.7483616307056684,0.9999999999999996,0.24673415324743855
0.7047268504967822,0.5032314558063059,0.9999999999999996,0.4934292535177792
0.5024091951357592,0.7524176957101525,0.9999999999999996,0.25486412045758633
0.7092611395285351,0.5030525526682754,0.9999999999999996,0.5061423701516579
0.7077202251184651,0.5008679170417334,0.9999999999999996,0.5017388472034294
0.7073054929302625,0.5002810603293402,0.9999999999999996,0.5005624366382802
0.5019096534020956,0.751924633622956,0.9999999999999996,0.25388658494161187
0.7046084433101998,0.5035554000103476,0.9999999999999996,0.4930741362295633
0.49999999971128944,0.7500090150054832,0.9999999999999996,0.25002066636612846
0.7055473718901379,0.502207146130347,0.9999999999999996,0.4956305328273566
0.8675931290538215,0.5000497825753051,0.9999999999999996,0.7556254570541718
0.5000000018626446,0.7500156724682271,0.9999999999999996,0.25004473076747974
0.7073480593672453,0.500341277090609,0.9999999999999996,0.5006830200614285
0.5004465939898212,0.7504506821721979,0.9999999999999996,0.2509099403747287
0.5000000026341774,0.7499999999999999,0.9999999999999996,0.25
0.8644586939466702,0.5000021635227414,0.9999999999999996,0.7446162098323765
0.5023230507596216,0.7523284435818554,0.9999999999999996,0.25467857376176667
0.7094251878837728,0.5057759169575882,0.9999999999999996,0.5067070075521172
0.7081546430042848,0.5014837583132987,0.9999999999999996,0.5029763485293803
0.4978898014484679,0.747900864201354,0.9999999999999996,0.24583269015618936
0.5000000015733661,0.7500085419404893,0.9999999999999996,0.2500341716642867
0.5000000026341774,0.7500104600578528,0.9999999999999996,0.2500418406690628
0.7122023032383757,0.5048238414835537,0.9999999999999996,0.5146533908751731
0.5000000026341774,0.7500041000931705,0.9999999999999996,0.25001640041816753
0.5000000026341774,0.7499999999999999,0.9999999999999996,0.25
0.5000000026341774,0.750035036763056,0.9999999999999996,0.2500714344396211
0.7070144293592207,0.5021355816784097,0.9999999999999996,0.49980128428217885
0.5000000018626446,0.7500023073287831,0.9999999999999996,0.2500092330418655
0.5000000015734798,0.7500150295867808,0.9999999999999996,0.25006012262324495
0.5000000026341774,0.750000060534151,0.9999999999999996,0.25000793181073167
0.7104748784241361,0.5048070069914876,0.9999999999999996,0.5096823479307149
0.5000000026341774,0.7500073489637735,0.9999999999999996,0.25002083040600315
0.5000000015734798,0.7500002603341749,0.9999999999999996,0.250001045061998
0.7066034816064369,0.5043567053068804,0.9999999999999996,0.49871376406528223
0.7080960073987511,0.5014192397850064,0.9999999999999996,0.5028290564926522
0.5000000026341774,0.7500051509014629,0.9999999999999996,0.25002060370521517
0.7049848405983695,0.5056611119977722,0.9999999999999996,0.49414186433613755
0.5000000007717594,0.7500171308196655,0.9999999999999996,0.2500685271299407
0.8670841291620033,0.5000000561592413,0.9999999999999996,0.7536772228788595
0.7053199634950666,0.5027754638511097,0.9999999999999996,0.49499612867695414
0.5015642691546632,0.7515679463841458,0.9999999999999996,0.2531481791816825
0.5000000007715328,0.7500106060979363,0.9999999999999996,0.25005349102735763
0.5000000026341774,0.7500000001867279,0.9999999999999996,0.2500117109062568
0.7100050410982072,0.5041082131600887,0.9999999999999996,0.5082856106900109
0.7034114402935355,0.5053617400861827,0.9999999999999996,0.48999346348778894
0.5000000026341774,0.7499999999999999,0.9999999999999996,0.25
0.7098836004617206,0.5039347224499482,0.9999999999999996,0.507931365553716
0.7072517781098364,0.5002079289350625,0.9999999999999996,0.5004160196273921
0.7072663342540645,0.5013116449630438,0.9999999999999996,0.5005081328685737
0.4987181764909491,0.7487413781500765,0.9999999999999996,0.24753243606450265
0.7116300792951026,0.5044543973620765,0.9999999999999996,0.5130189938855471
0.7046236460195899,0.503690199809744,0.9999999999999996,0.49341278654394805
0.86743372273853,0.5002401308574901,0.9999999999999996,0.7551351278554814
0.7060623997661923,0.5014759266147639,0.9999999999999996,0.49705699507910517
0.5000000026341774,0.7499999999999999,0.9999999999999996,0.25
0.8650207726859922,0.5000744789721359,0.9999999999999996,0.746607177361417
0.5000000026341774,0.7500000518331364,0.9999999999999996,0.25000020733255657
0.5000000026341774,0.7500096194218132,0.9999999999999996,0.25003847805738605
0.5000000007715323,0.7500465482300758,0.9999999999999996,0.25018468576980823
0.7120557465580476,0.5057485181120611,0.9999999999999996,0.5142119409751347
0.7057155147222175,0.5019976840171879,0.9999999999999996,0.49614886238718514
0.7046125884460599,0.5007375492973238,0.9999999999999996,0.4930979232177183
0.7082089288499372,0.5011525481046673,0.9999999999999996,0.5031523800419162
